A0,A1,A2,A3,A4,A5,Time,Type
3,2,4,5,1,0,0.00000390002970,bubble
3,2,4,1,5,0,0.00001279998105,bubble
3,2,4,1,0,5,0.00001499999780,bubble
2,3,4,1,0,5,0.00001670001075,bubble
2,3,1,4,0,5,0.00001760001760,bubble
2,3,1,0,4,5,0.00002000003587,bubble
2,1,3,0,4,5,0.00002110004425,bubble
2,1,0,3,4,5,0.00002199993469,bubble
1,2,0,3,4,5,0.00002289994154,bubble
1,0,2,3,4,5,0.00002359994687,bubble
0,1,2,3,4,5,0.00002439995296,bubble
